Product Name,Price,Ratings
"PetSafe Plastic Pet Door with Soft Tinted Flap - Small, Medium, Large and X-Large Door for Dogs and Cats",$39.95,4.5 out of 5 stars
"Dogtra ARC HANDSFREE Remote Training Dog Collar - 3/4 Mile Range, Hands free Remote Controller, Waterproof, Rechargeable, 127 Training Levels, Vibration - includes PetsTEK Dog Training Clicker",$249.99,4.6 out of 5 stars
IRIS 24'' Exercise 4-Panel pet playpen,$34.99,4.6 out of 5 stars
"K9 Advantix II Flea, Tick and Mosquito Prevention for X-Large Dogs, Over 55 lbs",$0,4.5 out of 5 stars
Bubble Guppies Season 1,$1.99,4.8 out of 5 stars
Freestanding Pet Gate Panel,$46.95,4.5 out of 5 stars
Petmate Replendish Gravity Waterer w/ Microban,$33.95,4.5 out of 5 stars
"Nerf Dog Checker Ball Dog Toys, Lightweight, Durable and Water Resistant, Non-Toxic, BPA-Free, Assorted Sizes and Colors",$4.18,4.3 out of 5 stars
"4-in-1 Dog Car Seat Cover, OKMEE Convertible Dog Hammock Scratchproof Pet Car Seat Cover with Mesh Window 2 Seat Belts , Durable Nonslip Dog Seat Cover for Back Seat Protector for Cars Trucks SUVs",$39.99,4.7 out of 5 stars
"PetSafe Nylon Dog Leash - Strong, Durable, Traditional Style Leash with Easy to Use Bolt Snap - Available in Multiple Widths and Colors",$8.99,4.6 out of 5 stars
HICTOP Automatic Pet Feeder | Auto Pet Dog Timed Programmable Food Dispenser Feeder for Medium Small Pet Puppy Kitten - Portion Control Up to 4 Meals/Day 7L(Black),$69.60,4.7 out of 5 stars
"Pawanti Dog Training Collar with Remote, 4 Training Mode Dog Shock Collar, Voice Record Beep Vibration Shock, Rechargeable Electric Dog Collar, 1000ft Bark Trainer for Small Large Dogs",$29.88,4.3 out of 5 stars
"K9 Advantix II Flea, Tick and Mosquito Prevention for Large Dogs, 21 - 55 lbs",$0,4.4 out of 5 stars
"IRIS USA 4-Panel Pet Playpen with Door, size 35.25""L x 35.25""W x 24""H CI-604, White",$39.99,4.5 out of 5 stars
Virbac Epi-Otic Advanced Ear Cleanser For Dogs and Cats (All Sizes),$0,4.8 out of 5 stars
PETMAKER High Density Foam 3 Tier Pet Steps,$25.95,4.2 out of 5 stars
Andis UltraEdge Detachable Clipper Blade,$29.99,4.6 out of 5 stars
PetSport Large Tuff Ball 4-Inch,$6.25,4.4 out of 5 stars
Max and Neo Reflective Nylon Dog Leash - We Donate a Leash to a Dog Rescue for Every Leash Sold,$14.99,4.8 out of 5 stars
"FunTags 6FT /4FT Reflective Nylon Dog Leash with Soft Padded Handle for Training,Walking Lead for Large, Medium & Small Dogs",$6.99,4.7 out of 5 stars
"B-cure Laser Vet Device for Pets: A Home Laser Therapy, Accelerates Healing and Reduces Pain and Inflammation in Dogs, Cats, Horses and Other Animals",$790.00,4.1 out of 5 stars
"Extra Large Replacement Dog Door Flap Compatible with PetSafe Freedom Doggie Doors - Weather Resistant - Measures 13 3/4” x 23 3/4” Made from flexible, durable materials- XL Doggie Door Flap",$37.99,4.7 out of 5 stars
"Zampa Pets Quality Whelp Round, Circular Shape Reusable Dog Pee Pads/Quilted, Fast Absorbing Dog Whelping Pad/Waterproof Puppy Training Mats/Machine Washable, Great for Playpen",$22.49,4.6 out of 5 stars
"Naysera Dog Poop Bag - Biodegradable Made with Corn Starch Biodegradable, Premium Thickness & Leak Proof",$10.99,-1
Dog Man: Grime and Punishment: From the Creator of Captain Underpants (Dog Man #9) (9),$6.99,4.9 out of 5 stars
"Purina Beyond Simply, Natural Adult Dry Dog Food",$0,4.6 out of 5 stars
Dog Man: A Tale of Two Kitties: From the Creator of Captain Underpants (Dog Man #3),$19.09,4.9 out of 5 stars
Crossing Lines (A Sam Mason K-9 Dog Mystery Book 6),$0.00,4.6 out of 5 stars
Telling Lies (A Sam Mason K-9 Dog Mystery Book 1),$0.00,4.2 out of 5 stars
"Dog Diaries: Happy Howlidays: A Middle School Story (Dog Diaries, 2)",$6.98,4.8 out of 5 stars
"Bungo Stray Dogs, Vol. 9 (Bungo Stray Dogs, 9)",$6.99,4.9 out of 5 stars
Dog Man: Fetch-22: From the Creator of Captain Underpants (Dog Man #8),$8.35,4.9 out of 5 stars
BarkBox Dog Squeak Toys | 2-in-1 Interactive Toys for Chewers | Durable Tug and Fetch Toys | Stuffed Plush Toys and Balls for Small/Medium/Large Dogs | Gordon The Giant Sloth (Medium/Large),$10.99,4.5 out of 5 stars
Canada Pooch | Shiny Puffer Vest,$46.99,4.6 out of 5 stars
Dog Man: The Supa Epic Collection: From the Creator of Captain Underpants (Dog Man #1-6 Boxed Set),$37.99,4.9 out of 5 stars
Rocket Dog Women's Sunset Webbing Flip Flop,$29.95,4.5 out of 5 stars
A Dog Called Homeless,$4.49,4.8 out of 5 stars
Dog Coloring Book for Puppy Lovers: Really Relaxing Animal Coloring Pages for Girls and Boys (Dog Coloring Books for Kids Ages 8-12) (Volume 1),$8.95,4.5 out of 5 stars
"K9 Advantix II Flea, Tick and Mosquito Prevention for X-Large Dogs, Over 55 lbs",$0,4.5 out of 5 stars
Dog Man: Brawl of the Wild: From the Creator of Captain Underpants (Dog Man #6),$6.98,4.9 out of 5 stars
"National Geographic Kids Everything Dogs: All the Canine Facts, Photos, and Fun You Can Get Your Paws On!",$21.90,4.7 out of 5 stars
How to Speak Dog: A Guide to Decoding Dog Language,$10.99,4.7 out of 5 stars
"PetSafe Plastic Pet Door with Soft Tinted Flap - Small, Medium, Large and X-Large Door for Dogs and Cats",$39.95,4.5 out of 5 stars
"NEDOGEX Dog Shock Collars for Dogs with Remote, Dog Training Collar for Small Medium Dogs, Waterproof Rechargeable Puppy E Collar with Beep Vibration Shock Modes, 0~9 Levels Up to 1000ft Remote Range",$21.99,3.9 out of 5 stars
